key,moment,heading,writer,piece-of-text,email
peep-01,2022/08/15 15:00,Hey!,John Doe,Lorem ipsum dolor sit amet consectetur adipiscing elit,example@gmail.com
peep-02,2022/08/20 18:00,Good evening!,John Doe,The night is dark and full of terrors,example@gmail.com
peep-03,2022/09/01 19:30,Hola!,Jose Perez,Lorem ipsum dolor sit amet consectetur adipiscing elit,example@gmail.com
peep-04,2022/09/01 10:00,Hey!,Daniel,Sample peep,null
peep-05,2022/08/21 16:00,Hey!,Raul,Another sample peep,example@gmail.com
peep-06,2022/08/03 15:00,Example peep 6,John Doe,Example peep 6,null
peep-07,2022/08/01 15:00,Example peep 7,John Doe,Lorem ipsum dolor sit amet consectetuer adipiscing elit. Aenean commodo ligula eget dolor. Aenean massa. Cum sociis natoque penatibus et magnis dis parturient montes nascetur ridiculus mus. Donec quam felis ultricies nec pellentesque eu pretium quis,example@gmail.com
peep-08,2022/07/01 15:00,Peep de ejemplo 8,John Doe,Lorem ipsum dolor sit amet consectetuer adipiscing elit. Aenean commodo ligula eget dolor. Aenean massa. Cum sociis natoque penatibus et magnis dis parturient montes nascetur ridiculus mus. Donec quam felis ultricies nec pellentesque eu pretium quis,null
peep-09,1900/10/01 15:00,Peep de ejemplo 9,Raul,Peep de ejemplo,null
peep-10,1900/10/01 15:00,Peep de ejemplo 10,Daniel, Lorem ipsum dolor sit amet consectetuer adipiscing elit. Aenean commodo ligula eget dolor. Aenean massa. Cum sociis natoque penatibus et magnis dis parturient montes nascetur ridiculus mus. Donec quam felis ultricies nec pellentesque eu pretium quis,example@gmail.com